{"cameraMode":{"drawMode":0,"name":"Shaded","section":"Shading Mode"},"sceneLighting":true,"audioPlay":false,"sceneViewState":{"showFog":true,"showMaterialUpdate":true,"showSkybox":true,"showFlares":true,"showImageEffects":true,"showParticleSystems":true},"in2DMode":false,"pivot":{"x":-3.078543186187744,"y":0.498144268989563,"z":-3.5568885803222658},"rotation":{"x":0.005996399559080601,"y":0.03449251875281334,"z":-0.00020604068413376808,"w":0.9993935823440552},"size":18.89280128479004,"orthographic":false}