{"cameraMode":{"drawMode":0,"name":"Shaded","section":"Shading Mode"},"sceneLighting":false,"audioPlay":false,"sceneViewState":{"showFog":true,"showMaterialUpdate":true,"showSkybox":false,"showFlares":true,"showImageEffects":true,"showParticleSystems":true},"in2DMode":false,"pivot":{"x":8.17703628540039,"y":24.44563102722168,"z":-83.33192443847656},"rotation":{"x":0.1366884559392929,"y":0.1816730946302414,"z":-0.025509634986519815,"w":0.9734819531440735},"size":40.571319580078128,"orthographic":false}