{"cameraMode":{"drawMode":0,"name":"Shaded","section":"Shading Mode"},"sceneLighting":true,"audioPlay":false,"sceneViewState":{"showFog":true,"showMaterialUpdate":true,"showSkybox":true,"showFlares":true,"showImageEffects":true,"showParticleSystems":true},"in2DMode":false,"pivot":{"x":1.0235531330108643,"y":11.204787254333496,"z":-20.060758590698243},"rotation":{"x":0.03117188811302185,"y":-0.029382988810539247,"z":-0.0009436245891265571,"w":-0.9990977048873901},"size":11.004531860351563,"orthographic":false}