{"cameraMode":{"drawMode":0,"name":"Shaded","section":"Shading Mode"},"sceneLighting":false,"audioPlay":false,"sceneViewState":{"showFog":true,"showMaterialUpdate":true,"showSkybox":false,"showFlares":true,"showImageEffects":true,"showParticleSystems":true},"in2DMode":false,"pivot":{"x":11.947772979736329,"y":-1.8906104564666749,"z":7.741835594177246},"rotation":{"x":-0.08621475845575333,"y":-0.29232192039489748,"z":0.02647079899907112,"w":-0.9520617127418518},"size":15.492849349975586,"orthographic":false}