{"cameraMode":{"drawMode":0,"name":"Shaded","section":"Shading Mode"},"sceneLighting":false,"audioPlay":false,"sceneViewState":{"showFog":true,"showMaterialUpdate":true,"showSkybox":false,"showFlares":true,"showImageEffects":true,"showParticleSystems":true},"in2DMode":false,"pivot":{"x":-5.381984710693359,"y":-0.48030316829681399,"z":-4.4111328125},"rotation":{"x":0.019496161490678788,"y":-0.016496457159519197,"z":0.0003226216067560017,"w":0.9996805191040039},"size":10.0,"orthographic":false}