{"cameraMode":{"drawMode":0,"name":"Shaded","section":"Shading Mode"},"sceneLighting":true,"audioPlay":false,"sceneViewState":{"showFog":true,"showMaterialUpdate":true,"showSkybox":true,"showFlares":true,"showImageEffects":true,"showParticleSystems":true},"in2DMode":false,"pivot":{"x":473.7746887207031,"y":440.0848388671875,"z":562.301513671875},"rotation":{"x":-0.006309483665972948,"y":-0.006902642082422972,"z":0.0000437373346358072,"w":-0.9999579787254334},"size":655.1719360351563,"orthographic":false}