{"cameraMode":{"drawMode":0,"name":"Shaded","section":"Shading Mode"},"sceneLighting":false,"audioPlay":false,"sceneViewState":{"showFog":true,"showMaterialUpdate":true,"showSkybox":false,"showFlares":true,"showImageEffects":true,"showParticleSystems":true},"in2DMode":false,"pivot":{"x":-0.13235723972320558,"y":0.6825445294380188,"z":-11.410416603088379},"rotation":{"x":-0.04675903916358948,"y":-0.03835233300924301,"z":0.0017807257827371359,"w":-0.998177170753479},"size":1.4660253524780274,"orthographic":false}