{"cameraMode":{"drawMode":0,"name":"Shaded","section":"Shading Mode"},"sceneLighting":true,"audioPlay":false,"sceneViewState":{"showFog":true,"showMaterialUpdate":true,"showSkybox":true,"showFlares":true,"showImageEffects":true,"showParticleSystems":true},"in2DMode":false,"pivot":{"x":-25.13315200805664,"y":7.466492652893066,"z":-3.709031581878662},"rotation":{"x":0.1981303095817566,"y":-0.022052166983485223,"z":0.0044592078775167469,"w":0.9799237251281738},"size":21.514097213745118,"orthographic":false}