{"cameraMode":{"drawMode":0,"name":"Shaded","section":"Shading Mode"},"sceneLighting":true,"audioPlay":false,"sceneViewState":{"showFog":true,"showMaterialUpdate":true,"showSkybox":true,"showFlares":true,"showImageEffects":true,"showParticleSystems":true},"in2DMode":false,"pivot":{"x":-1.3121432065963746,"y":1.9865351915359498,"z":-0.26971885561943056},"rotation":{"x":-0.13926845788955689,"y":-0.035051148384809497,"z":0.004926823079586029,"w":-0.989628255367279},"size":5.966026306152344,"orthographic":false}