{"cameraMode":{"drawMode":0,"name":"Shaded","section":"Shading Mode"},"sceneLighting":true,"audioPlay":false,"sceneViewState":{"showFog":true,"showMaterialUpdate":true,"showSkybox":true,"showFlares":true,"showImageEffects":true,"showParticleSystems":true},"in2DMode":false,"pivot":{"x":-6.460238456726074,"y":33.49336624145508,"z":118.69116973876953},"rotation":{"x":0.06710414588451386,"y":0.03351762145757675,"z":0.0022324153687804939,"w":-0.9971961379051209},"size":90.84034729003906,"orthographic":false}