{"cameraMode":{"drawMode":0,"name":"Shaded","section":"Shading Mode"},"sceneLighting":true,"audioPlay":false,"sceneViewState":{"showFog":true,"showMaterialUpdate":true,"showSkybox":true,"showFlares":true,"showImageEffects":true,"showParticleSystems":true},"in2DMode":false,"pivot":{"x":-0.6711452007293701,"y":-0.5462243556976318,"z":1.9265387058258057},"rotation":{"x":-0.2950703501701355,"y":0.06785663217306137,"z":-0.021020621061325074,"w":-0.952838659286499},"size":12.167947769165039,"orthographic":false}