{"cameraMode":{"drawMode":0,"name":"Shaded","section":"Shading Mode"},"sceneLighting":false,"audioPlay":false,"sceneViewState":{"showFog":true,"showMaterialUpdate":true,"showSkybox":false,"showFlares":true,"showImageEffects":true,"showParticleSystems":true},"in2DMode":false,"pivot":{"x":3.9499998092651369,"y":5.920000076293945,"z":0.0},"rotation":{"x":-0.12594932317733766,"y":-0.020240191370248796,"z":0.002559034153819084,"w":-0.9918385744094849},"size":1.1456438302993775,"orthographic":false}