{"cameraMode":{"drawMode":0,"name":"Shaded","section":"Shading Mode"},"sceneLighting":false,"audioPlay":false,"sceneViewState":{"showFog":true,"showMaterialUpdate":true,"showSkybox":false,"showFlares":true,"showImageEffects":true,"showParticleSystems":true},"in2DMode":false,"pivot":{"x":-17.41164207458496,"y":-21.92353057861328,"z":-0.435180127620697},"rotation":{"x":-0.2705163359642029,"y":0.6061597466468811,"z":-0.23045459389686585,"w":-0.7115378975868225},"size":33.52834701538086,"orthographic":false}